<?xml version="1.0" encoding="UTF-8" standalone="no" ?>
<EchoIntegrationParameter>

  <CustomLayersMode>0</CustomLayersMode>

  <LowThreshold>-60</LowThreshold>

  <HighThreshold>0</HighThreshold>

  <OffsetBottom>0.68</OffsetBottom>

  <SurfaceLayerNumber>15</SurfaceLayerNumber>

  <BottomLayerNumber>1</BottomLayerNumber>

  <DistanceLayerNumber>0</DistanceLayerNumber>

  <LayerDefSurface>
    <MinDepth>10</MinDepth>
    <MaxDepth>20</MaxDepth>
  </LayerDefSurface>

  <LayerDefSurface>
    <MinDepth>20</MinDepth>
    <MaxDepth>30</MaxDepth>
  </LayerDefSurface>

  <LayerDefSurface>
    <MinDepth>30</MinDepth>
    <MaxDepth>40</MaxDepth>
  </LayerDefSurface>

  <LayerDefSurface>
    <MinDepth>40</MinDepth>
    <MaxDepth>50</MaxDepth>
  </LayerDefSurface>

  <LayerDefSurface>
    <MinDepth>50</MinDepth>
    <MaxDepth>60</MaxDepth>
  </LayerDefSurface>

  <LayerDefSurface>
    <MinDepth>60</MinDepth>
    <MaxDepth>70</MaxDepth>
  </LayerDefSurface>

  <LayerDefSurface>
    <MinDepth>70</MinDepth>
    <MaxDepth>80</MaxDepth>
  </LayerDefSurface>

  <LayerDefSurface>
    <MinDepth>80</MinDepth>
    <MaxDepth>90</MaxDepth>
  </LayerDefSurface>

  <LayerDefSurface>
    <MinDepth>90</MinDepth>
    <MaxDepth>100</MaxDepth>
  </LayerDefSurface>

  <LayerDefSurface>
    <MinDepth>100</MinDepth>
    <MaxDepth>110</MaxDepth>
  </LayerDefSurface>

  <LayerDefSurface>
    <MinDepth>110</MinDepth>
    <MaxDepth>120</MaxDepth>
  </LayerDefSurface>

  <LayerDefSurface>
    <MinDepth>120</MinDepth>
    <MaxDepth>130</MaxDepth>
  </LayerDefSurface>

  <LayerDefSurface>
    <MinDepth>130</MinDepth>
    <MaxDepth>140</MaxDepth>
  </LayerDefSurface>

  <LayerDefSurface>
    <MinDepth>140</MinDepth>
    <MaxDepth>150</MaxDepth>
  </LayerDefSurface>

  <LayerDefSurface>
    <MinDepth>150</MinDepth>
    <MaxDepth>400</MaxDepth>
  </LayerDefSurface>

  <LayerDefBottom>
    <MinHeight>0.68</MinHeight>
    <MaxHeight>1.68</MaxHeight>
  </LayerDefBottom>

  <BroadcastAndRecord>
    <EnableFileOutput>1</EnableFileOutput>
    <EnableNetworkOutput>0</EnableNetworkOutput>
    <TramaFormat>1</TramaFormat>
    <FileCutStrategy>0</FileCutStrategy>
    <FileMaxSize>100</FileMaxSize>
    <FileMaxTime>3600</FileMaxTime>
    <FilePrefix>R16_LM-a_PEL21</FilePrefix>
    <FilePath>C:\Echotypage\lay</FilePath>
    <DatePrefix>1</DatePrefix>
    <TramaDescriptor>
      <TramaConfigured>1</TramaConfigured>
      <TramaNumber>74</TramaNumber>
      <TramaNode>
        <TramaID>MOVIES_EILayer</TramaID>
        <TramaDesc></TramaDesc>
        <TramaWanted>1</TramaWanted>
        <TramaNeeded>1</TramaNeeded>
      </TramaNode>
      <TramaNode>
        <TramaID>MOVIES_EILayer\shipnav</TramaID>
        <TramaDesc></TramaDesc>
        <TramaWanted>1</TramaWanted>
        <TramaNeeded>1</TramaNeeded>
      </TramaNode>
      <TramaNode>
        <TramaID>MOVIES_EILayer\shipnav\lat</TramaID>
        <TramaDesc>latitude</TramaDesc>
        <TramaWanted>1</TramaWanted>
        <TramaNeeded>1</TramaNeeded>
      </TramaNode>
      <TramaNode>
        <TramaID>MOVIES_EILayer\shipnav\long</TramaID>
        <TramaDesc>longitude</TramaDesc>
        <TramaWanted>1</TramaWanted>
        <TramaNeeded>1</TramaNeeded>
      </TramaNode>
      <TramaNode>
        <TramaID>MOVIES_EILayer\shipnav\alt</TramaID>
        <TramaDesc>altitude</TramaDesc>
        <TramaWanted>1</TramaWanted>
        <TramaNeeded>0</TramaNeeded>
      </TramaNode>
      <TramaNode>
        <TramaID>MOVIES_EILayer\shipnav\gndspeed</TramaID>
        <TramaDesc>ground</TramaDesc>
        <TramaWanted>1</TramaWanted>
        <TramaNeeded>1</TramaNeeded>
      </TramaNode>
      <TramaNode>
        <TramaID>MOVIES_EILayer\shipnav\gndcourse</TramaID>
        <TramaDesc>ground</TramaDesc>
        <TramaWanted>1</TramaWanted>
        <TramaNeeded>1</TramaNeeded>
      </TramaNode>
      <TramaNode>
        <TramaID>MOVIES_EILayer\shipnav\surfspeed</TramaID>
        <TramaDesc>surface</TramaDesc>
        <TramaWanted>1</TramaWanted>
        <TramaNeeded>0</TramaNeeded>
      </TramaNode>
      <TramaNode>
        <TramaID>MOVIES_EILayer\shipnav\surfcourse</TramaID>
        <TramaDesc>surface</TramaDesc>
        <TramaWanted>1</TramaWanted>
        <TramaNeeded>0</TramaNeeded>
      </TramaNode>
      <TramaNode>
        <TramaID>MOVIES_EILayer\shipnav\driftspeed</TramaID>
        <TramaDesc>drift</TramaDesc>
        <TramaWanted>1</TramaWanted>
        <TramaNeeded>0</TramaNeeded>
      </TramaNode>
      <TramaNode>
        <TramaID>MOVIES_EILayer\shipnav\driftcourse</TramaID>
        <TramaDesc>drift</TramaDesc>
        <TramaWanted>1</TramaWanted>
        <TramaNeeded>0</TramaNeeded>
      </TramaNode>
      <TramaNode>
        <TramaID>MOVIES_EILayer\shipnav\heading</TramaID>
        <TramaDesc>true</TramaDesc>
        <TramaWanted>1</TramaWanted>
        <TramaNeeded>1</TramaNeeded>
      </TramaNode>
      <TramaNode>
        <TramaID>MOVIES_EILayer\shipnav\roll</TramaID>
        <TramaDesc>roll</TramaDesc>
        <TramaWanted>1</TramaWanted>
        <TramaNeeded>0</TramaNeeded>
      </TramaNode>
      <TramaNode>
        <TramaID>MOVIES_EILayer\shipnav\pitch</TramaID>
        <TramaDesc>pitch</TramaDesc>
        <TramaWanted>1</TramaWanted>
        <TramaNeeded>0</TramaNeeded>
      </TramaNode>
      <TramaNode>
        <TramaID>MOVIES_EILayer\shipnav\heave</TramaID>
        <TramaDesc>heave</TramaDesc>
        <TramaWanted>1</TramaWanted>
        <TramaNeeded>0</TramaNeeded>
      </TramaNode>
      <TramaNode>
        <TramaID>MOVIES_EILayer\shipnav\depth</TramaID>
        <TramaDesc>depth</TramaDesc>
        <TramaWanted>1</TramaWanted>
        <TramaNeeded>0</TramaNeeded>
      </TramaNode>
      <TramaNode>
        <TramaID>MOVIES_EILayer\shipnav\draught</TramaID>
        <TramaDesc>draught</TramaDesc>
        <TramaWanted>1</TramaWanted>
        <TramaNeeded>0</TramaNeeded>
      </TramaNode>
      <TramaNode>
        <TramaID>MOVIES_EILayer\cellset</TramaID>
        <TramaDesc></TramaDesc>
        <TramaWanted>1</TramaWanted>
        <TramaNeeded>1</TramaNeeded>
      </TramaNode>
      <TramaNode>
        <TramaID>MOVIES_EILayer\cellset\cellnum</TramaID>
        <TramaDesc>cell</TramaDesc>
        <TramaWanted>1</TramaWanted>
        <TramaNeeded>1</TramaNeeded>
      </TramaNode>
      <TramaNode>
        <TramaID>MOVIES_EILayer\cellset\celltype</TramaID>
        <TramaDesc>cell</TramaDesc>
        <TramaWanted>1</TramaWanted>
        <TramaNeeded>1</TramaNeeded>
      </TramaNode>
      <TramaNode>
        <TramaID>MOVIES_EILayer\cellset\depthstart</TramaID>
        <TramaDesc>start</TramaDesc>
        <TramaWanted>1</TramaWanted>
        <TramaNeeded>1</TramaNeeded>
      </TramaNode>
      <TramaNode>
        <TramaID>MOVIES_EILayer\cellset\depthend</TramaID>
        <TramaDesc>end</TramaDesc>
        <TramaWanted>1</TramaWanted>
        <TramaNeeded>1</TramaNeeded>
      </TramaNode>
      <TramaNode>
        <TramaID>MOVIES_EILayer\cellset\indexstart</TramaID>
        <TramaDesc>start</TramaDesc>
        <TramaWanted>1</TramaWanted>
        <TramaNeeded>1</TramaNeeded>
      </TramaNode>
      <TramaNode>
        <TramaID>MOVIES_EILayer\cellset\indexend</TramaID>
        <TramaDesc>end</TramaDesc>
        <TramaWanted>1</TramaWanted>
        <TramaNeeded>1</TramaNeeded>
      </TramaNode>
      <TramaNode>
        <TramaID>MOVIES_EILayer\cellset\datestart</TramaID>
        <TramaDesc>start</TramaDesc>
        <TramaWanted>1</TramaWanted>
        <TramaNeeded>1</TramaNeeded>
      </TramaNode>
      <TramaNode>
        <TramaID>MOVIES_EILayer\cellset\dateend</TramaID>
        <TramaDesc>end</TramaDesc>
        <TramaWanted>1</TramaWanted>
        <TramaNeeded>1</TramaNeeded>
      </TramaNode>
      <TramaNode>
        <TramaID>MOVIES_EILayer\cellset\diststart</TramaID>
        <TramaDesc>start</TramaDesc>
        <TramaWanted>1</TramaWanted>
        <TramaNeeded>1</TramaNeeded>
      </TramaNode>
      <TramaNode>
        <TramaID>MOVIES_EILayer\cellset\distend</TramaID>
        <TramaDesc>end</TramaDesc>
        <TramaWanted>1</TramaWanted>
        <TramaNeeded>1</TramaNeeded>
      </TramaNode>
      <TramaNode>
        <TramaID>MOVIES_EILayer\cellset\thresholdup</TramaID>
        <TramaDesc>threshold</TramaDesc>
        <TramaWanted>1</TramaWanted>
        <TramaNeeded>1</TramaNeeded>
      </TramaNode>
      <TramaNode>
        <TramaID>MOVIES_EILayer\cellset\thresholdlow</TramaID>
        <TramaDesc>threshold</TramaDesc>
        <TramaWanted>1</TramaWanted>
        <TramaNeeded>1</TramaNeeded>
      </TramaNode>
      <TramaNode>
        <TramaID>MOVIES_EILayer\cellset\lat</TramaID>
        <TramaDesc>latitude</TramaDesc>
        <TramaWanted>1</TramaWanted>
        <TramaNeeded>1</TramaNeeded>
      </TramaNode>
      <TramaNode>
        <TramaID>MOVIES_EILayer\cellset\long</TramaID>
        <TramaDesc>longitude</TramaDesc>
        <TramaWanted>1</TramaWanted>
        <TramaNeeded>1</TramaNeeded>
      </TramaNode>
      <TramaNode>
        <TramaID>MOVIES_EILayer\cellset\volume</TramaID>
        <TramaDesc>volume</TramaDesc>
        <TramaWanted>1</TramaWanted>
        <TramaNeeded>1</TramaNeeded>
      </TramaNode>
      <TramaNode>
        <TramaID>MOVIES_EILayer\cellset\surface</TramaID>
        <TramaDesc>surface</TramaDesc>
        <TramaWanted>1</TramaWanted>
        <TramaNeeded>1</TramaNeeded>
      </TramaNode>
      <TramaNode>
        <TramaID>MOVIES_EILayer\sndset</TramaID>
        <TramaDesc></TramaDesc>
        <TramaWanted>1</TramaWanted>
        <TramaNeeded>1</TramaNeeded>
      </TramaNode>
      <TramaNode>
        <TramaID>MOVIES_EILayer\sndset\sndname</TramaID>
        <TramaDesc>sounder</TramaDesc>
        <TramaWanted>1</TramaWanted>
        <TramaNeeded>1</TramaNeeded>
      </TramaNode>
      <TramaNode>
        <TramaID>MOVIES_EILayer\sndset\sndident</TramaID>
        <TramaDesc>sounder</TramaDesc>
        <TramaWanted>1</TramaWanted>
        <TramaNeeded>1</TramaNeeded>
      </TramaNode>
      <TramaNode>
        <TramaID>MOVIES_EILayer\sndset\softChannelId</TramaID>
        <TramaDesc>channel</TramaDesc>
        <TramaWanted>1</TramaWanted>
        <TramaNeeded>1</TramaNeeded>
      </TramaNode>
      <TramaNode>
        <TramaID>MOVIES_EILayer\sndset\channelName</TramaID>
        <TramaDesc>channel</TramaDesc>
        <TramaWanted>1</TramaWanted>
        <TramaNeeded>1</TramaNeeded>
      </TramaNode>
      <TramaNode>
        <TramaID>MOVIES_EILayer\sndset\dataType</TramaID>
        <TramaDesc>data</TramaDesc>
        <TramaWanted>1</TramaWanted>
        <TramaNeeded>1</TramaNeeded>
      </TramaNode>
      <TramaNode>
        <TramaID>MOVIES_EILayer\sndset\beamType</TramaID>
        <TramaDesc>beam</TramaDesc>
        <TramaWanted>1</TramaWanted>
        <TramaNeeded>1</TramaNeeded>
      </TramaNode>
      <TramaNode>
        <TramaID>MOVIES_EILayer\sndset\acousticFrequency</TramaID>
        <TramaDesc>acoustic</TramaDesc>
        <TramaWanted>1</TramaWanted>
        <TramaNeeded>1</TramaNeeded>
      </TramaNode>
      <TramaNode>
        <TramaID>MOVIES_EILayer\sndset\startSample</TramaID>
        <TramaDesc>start</TramaDesc>
        <TramaWanted>1</TramaWanted>
        <TramaNeeded>1</TramaNeeded>
      </TramaNode>
      <TramaNode>
        <TramaID>MOVIES_EILayer\sndset\mainBeamAlongSteeringAngle</TramaID>
        <TramaDesc>mainBeamAlongSteeringAngle</TramaDesc>
        <TramaWanted>1</TramaWanted>
        <TramaNeeded>1</TramaNeeded>
      </TramaNode>
      <TramaNode>
        <TramaID>MOVIES_EILayer\sndset\mainBeamAthwartSteeringAngle</TramaID>
        <TramaDesc>mainBeamAthwartSteeringAngle</TramaDesc>
        <TramaWanted>1</TramaWanted>
        <TramaNeeded>1</TramaNeeded>
      </TramaNode>
      <TramaNode>
        <TramaID>MOVIES_EILayer\sndset\absorptionCoef</TramaID>
        <TramaDesc>sounder</TramaDesc>
        <TramaWanted>1</TramaWanted>
        <TramaNeeded>1</TramaNeeded>
      </TramaNode>
      <TramaNode>
        <TramaID>MOVIES_EILayer\sndset\transmissionPower</TramaID>
        <TramaDesc>maximum</TramaDesc>
        <TramaWanted>1</TramaWanted>
        <TramaNeeded>1</TramaNeeded>
      </TramaNode>
      <TramaNode>
        <TramaID>MOVIES_EILayer\sndset\beamAlongAngleSensitivity</TramaID>
        <TramaDesc>beamAlongAngleSensitivity</TramaDesc>
        <TramaWanted>1</TramaWanted>
        <TramaNeeded>1</TramaNeeded>
      </TramaNode>
      <TramaNode>
        <TramaID>MOVIES_EILayer\sndset\beamAthwartAngleSensitivity</TramaID>
        <TramaDesc>beamAthwartAngleSensitivity</TramaDesc>
        <TramaWanted>1</TramaWanted>
        <TramaNeeded>1</TramaNeeded>
      </TramaNode>
      <TramaNode>
        <TramaID>MOVIES_EILayer\sndset\beam3dBWidthAlong</TramaID>
        <TramaDesc>beam3dBWidthAlong</TramaDesc>
        <TramaWanted>1</TramaWanted>
        <TramaNeeded>1</TramaNeeded>
      </TramaNode>
      <TramaNode>
        <TramaID>MOVIES_EILayer\sndset\beam3dBWidthAthwart</TramaID>
        <TramaDesc>beam3dBWidthAthwart</TramaDesc>
        <TramaWanted>1</TramaWanted>
        <TramaNeeded>1</TramaNeeded>
      </TramaNode>
      <TramaNode>
        <TramaID>MOVIES_EILayer\sndset\beamEquTwoWayAngle</TramaID>
        <TramaDesc>dualway</TramaDesc>
        <TramaWanted>1</TramaWanted>
        <TramaNeeded>1</TramaNeeded>
      </TramaNode>
      <TramaNode>
        <TramaID>MOVIES_EILayer\sndset\beamGain</TramaID>
        <TramaDesc>beam</TramaDesc>
        <TramaWanted>1</TramaWanted>
        <TramaNeeded>1</TramaNeeded>
      </TramaNode>
      <TramaNode>
        <TramaID>MOVIES_EILayer\sndset\beamSACorrection</TramaID>
        <TramaDesc>beam</TramaDesc>
        <TramaWanted>1</TramaWanted>
        <TramaNeeded>1</TramaNeeded>
      </TramaNode>
      <TramaNode>
        <TramaID>MOVIES_EILayer\sndset\bottomDetectionMinDepth</TramaID>
        <TramaDesc>bottom</TramaDesc>
        <TramaWanted>1</TramaWanted>
        <TramaNeeded>1</TramaNeeded>
      </TramaNode>
      <TramaNode>
        <TramaID>MOVIES_EILayer\sndset\bottomDetectionMaxDepth</TramaID>
        <TramaDesc>bottom</TramaDesc>
        <TramaWanted>1</TramaWanted>
        <TramaNeeded>1</TramaNeeded>
      </TramaNode>
      <TramaNode>
        <TramaID>MOVIES_EILayer\sndset\bottomDetectionMinLevel</TramaID>
        <TramaDesc>bottom</TramaDesc>
        <TramaWanted>1</TramaWanted>
        <TramaNeeded>1</TramaNeeded>
      </TramaNode>
      <TramaNode>
        <TramaID>MOVIES_EILayer\sndset\AlongTXRXWeightId</TramaID>
        <TramaDesc>AlongTXRXWeightId</TramaDesc>
        <TramaWanted>1</TramaWanted>
        <TramaNeeded>1</TramaNeeded>
      </TramaNode>
      <TramaNode>
        <TramaID>MOVIES_EILayer\sndset\AthwartTXRXWeightId</TramaID>
        <TramaDesc>AthwartTXRXWeightId</TramaDesc>
        <TramaWanted>1</TramaWanted>
        <TramaNeeded>1</TramaNeeded>
      </TramaNode>
      <TramaNode>
        <TramaID>MOVIES_EILayer\sndset\SplitBeamAlongTXRXWeightId</TramaID>
        <TramaDesc>SplitBeamAlongTXRXWeightId</TramaDesc>
        <TramaWanted>1</TramaWanted>
        <TramaNeeded>1</TramaNeeded>
      </TramaNode>
      <TramaNode>
        <TramaID>MOVIES_EILayer\sndset\SplitBeamAthwartTXRXWeightId</TramaID>
        <TramaDesc>SplitBeamAthwartTXRXWeightId</TramaDesc>
        <TramaWanted>1</TramaWanted>
        <TramaNeeded>1</TramaNeeded>
      </TramaNode>
      <TramaNode>
        <TramaID>MOVIES_EILayer\sndset\bandWidth</TramaID>
        <TramaDesc>bandWidth</TramaDesc>
        <TramaWanted>1</TramaWanted>
        <TramaNeeded>1</TramaNeeded>
      </TramaNode>
      <TramaNode>
        <TramaID>MOVIES_EILayer\sndset\tvgminrange</TramaID>
        <TramaDesc>TVG</TramaDesc>
        <TramaWanted>1</TramaWanted>
        <TramaNeeded>1</TramaNeeded>
      </TramaNode>
      <TramaNode>
        <TramaID>MOVIES_EILayer\sndset\tvgmaxrange</TramaID>
        <TramaDesc>TVG</TramaDesc>
        <TramaWanted>1</TramaWanted>
        <TramaNeeded>1</TramaNeeded>
      </TramaNode>
      <TramaNode>
        <TramaID>MOVIES_EILayer\sndset\pulseduration</TramaID>
        <TramaDesc>pulse</TramaDesc>
        <TramaWanted>1</TramaWanted>
        <TramaNeeded>1</TramaNeeded>
      </TramaNode>
      <TramaNode>
        <TramaID>MOVIES_EILayer\sndset\soundcelerity</TramaID>
        <TramaDesc>sound</TramaDesc>
        <TramaWanted>1</TramaWanted>
        <TramaNeeded>1</TramaNeeded>
      </TramaNode>
      <TramaNode>
        <TramaID>MOVIES_EILayer\eilayer</TramaID>
        <TramaDesc></TramaDesc>
        <TramaWanted>1</TramaWanted>
        <TramaNeeded>1</TramaNeeded>
      </TramaNode>
      <TramaNode>
        <TramaID>MOVIES_EILayer\eilayer\sa</TramaID>
        <TramaDesc>sa</TramaDesc>
        <TramaWanted>1</TramaWanted>
        <TramaNeeded>1</TramaNeeded>
      </TramaNode>
      <TramaNode>
        <TramaID>MOVIES_EILayer\eilayer\sv</TramaID>
        <TramaDesc>sv</TramaDesc>
        <TramaWanted>1</TramaWanted>
        <TramaNeeded>1</TramaNeeded>
      </TramaNode>
      <TramaNode>
        <TramaID>MOVIES_EILayer\eilayer\ni</TramaID>
        <TramaDesc>nb</TramaDesc>
        <TramaWanted>1</TramaWanted>
        <TramaNeeded>1</TramaNeeded>
      </TramaNode>
      <TramaNode>
        <TramaID>MOVIES_EILayer\eilayer\nt</TramaID>
        <TramaDesc>nb</TramaDesc>
        <TramaWanted>1</TramaWanted>
        <TramaNeeded>1</TramaNeeded>
      </TramaNode>
      <TramaNode>
        <TramaID>MOVIES_EILayer\boterr</TramaID>
        <TramaDesc></TramaDesc>
        <TramaWanted>1</TramaWanted>
        <TramaNeeded>1</TramaNeeded>
      </TramaNode>
      <TramaNode>
        <TramaID>MOVIES_EILayer\boterr\sa</TramaID>
        <TramaDesc>sa</TramaDesc>
        <TramaWanted>1</TramaWanted>
        <TramaNeeded>1</TramaNeeded>
      </TramaNode>
      <TramaNode>
        <TramaID>MOVIES_EILayer\boterr\ni</TramaID>
        <TramaDesc>nb</TramaDesc>
        <TramaWanted>1</TramaWanted>
        <TramaNeeded>1</TramaNeeded>
      </TramaNode>
    </TramaDescriptor>
  </BroadcastAndRecord>

</EchoIntegrationParameter>
