<?xml version="1.0" encoding="UTF-8" standalone="no" ?>
<EISupervisedParameter>

  <ClassificationNumber>0</ClassificationNumber>

  <Transducers/>

  <BroadcastAndRecord>
    <EnableFileOutput>1</EnableFileOutput>
    <EnableNetworkOutput>0</EnableNetworkOutput>
    <TramaFormat>1</TramaFormat>
    <FileCutStrategy>0</FileCutStrategy>
    <FileMaxSize>5</FileMaxSize>
    <FileMaxTime>3600</FileMaxTime>
    <FilePrefix>results</FilePrefix>
    <FilePath>C:\</FilePath>
    <DatePrefix>1</DatePrefix>
    <TramaDescriptor>
      <TramaConfigured>0</TramaConfigured>
      <TramaNumber>0</TramaNumber>
    </TramaDescriptor>
  </BroadcastAndRecord>

  <UseVolumicWeightedAverage>1</UseVolumicWeightedAverage>

</EISupervisedParameter>
